Week,Team,Player,Score,Position
1,Paco,Josh Allen BUF,45,QB
1,Julio,Baker Mayfield TBB,29,QB
1,Kenny,Patrick Mahomes II KCC,31,QB
1,Doy,Joe Burrow CIN,9,QB
1,Chuy,Jordan Love GBP,17,QB
1,Jay,Justin Herbert LAC,38,QB
2,Kenny,Patrick Mahomes II KCC,23,QB
2,Monaf,Trevor Lawrence JAC,25,QB
2,Chuy,Jordan Love GBP,24,QB
2,Doy,Joe Burrow CIN,9,QB
2,Jay,Justin Herbert LAC,31,QB
2,Elaf,Drake Maye NEP,31,QB
3,Elaf,Drake Maye NEP,24,QB
3,Kenny,Patrick Mahomes II KCC,15,QB
3,ATL,Lamar Jackson BAL,35,QB
3,Julio,Baker Mayfield TBB,19,QB
3,Larry,Bo Nix DEN,17,QB
3,Doy,Matthew Stafford LAR,17,QB
4,Doy,Matthew Stafford LAR,43,QB
4,Larry,Bo Nix DEN,32,QB
4,ATL,Lamar Jackson BAL,11,QB
4,Monaf,Brock Purdy SFO,26,QB
4,Kenny,Patrick Mahomes II KCC,36,QB
4,Paco,Josh Allen BUF,34,QB
5,Paco,Josh Allen BUF,24,QB
5,Doy,Matthew Stafford LAR,35,QB
5,Kenny,Patrick Mahomes II KCC,28,QB
5,Gaybo,Jalen Hurts PHI,27,QB
5,Monaf,Geno Smith LVR,5,QB
5,Greg,Justin Fields NYJ,29,QB
6,Kenny,Patrick Mahomes II KCC,37,QB
6,Paco,Josh Allen BUF,17,QB
6,Gaybo,Jalen Hurts PHI,21,QB
6,Doy,Matthew Stafford LAR,9,QB
6,Greg,Jayden Daniels WAS,34,QB
6,Chuy,Jordan Love GBP,16,QB
7,Chuy,Jordan Love GBP,11,QB
7,Kenny,Patrick Mahomes II KCC,31,QB
7,Julio,Baker Mayfield TBB,14,QB
7,Gaybo,Jalen Hurts PHI,44,QB
7,Elaf,Drake Maye NEP,30,QB
7,Greg,Jayden Daniels WAS,18,QB
8,Elaf,Drake Maye NEP,34,QB
8,Kenny,Patrick Mahomes II KCC,30,QB
8,Greg,Spencer Rattler NOS,1,QB
8,Larry,Bo Nix DEN,34,QB
8,Gaybo,Jalen Hurts PHI,34,QB
8,Julio,Baker Mayfield TBB,3,QB
9,Julio,Joe Flacco CLE,47,QB
9,Gaybo,Jacoby Brissett ARI,30,QB
9,Larry,Bo Nix DEN,22,QB
9,Chuy,Jordan Love GBP,7,QB
9,Doy,Matthew Stafford LAR,38,QB
9,Kenny,Patrick Mahomes II KCC,9,QB
10,Kenny,Sam Darnold SEA,10,QB
10,Doy,Doy Dahmer NAPA,0,QB
10,Elaf,Drake Maye NEP,27,QB
10,Chuy,Jordan Love GBP,5,QB
10,Larry,Bo Nix DEN,5,QB
10,Paco,Josh Allen BUF,30,QB
11,Elaf,Drake Maye NEP,17,QB
11,Chuy,Jordan Love GBP,18,QB
11,Paco,Dak Prescott DAL,38,QB
11,Kenny,Patrick Mahomes II KCC,16,QB
11,Monaf,Brock Purdy SFO,36,QB
11,Jay,Justin Herbert LAC,2,QB
12,Jay,Justin Herbert LAC,21,QB
12,Larry,Shedeur Sanders CLE,18,QB
12,Paco,Josh Allen BUF,8,QB
12,Kenny,Patrick Mahomes II KCC,17,QB
12,Julio,Baker Mayfield TBB,7,QB
12,Greg,Dak Prescott DAL,31,QB
13,Greg,Dak Prescott DAL,25,QB
13,Doy,Matthew Stafford LAR,17,QB
13,Monaf,Trevor Lawrence JAC,28,QB
13,Chuy,Jordan Love GBP,40,QB
13,Kenny,Patrick Mahomes II KCC,40,QB
13,Jay,Justin Herbert LAC,7,QB
14,Jay,Jared Goff DET,20,QB
14,Chuy,Jordan Love GBP,34,QB
14,Kenny,Patrick Mahomes II KCC,3,QB
14,Gaybo,Jalen Hurts PHI,2,QB
14,Monaf,Trevor Lawrence JAC,30,QB
14,Greg,Dak Prescott DAL,23,QB
1,Elaf,Drake Maye NEP,15,QB
1,ATL,Lamar Jackson BAL,39,QB
1,Gaybo,Jalen Hurts PHI,21,QB
1,Larry,Bo Nix DEN,7,QB
1,Greg,Jayden Daniels WAS,21,QB
1,Monaf,Trevor Lawrence JAC,7,QB
2,Larry,Bo Nix DEN,28,QB
2,Julio,Baker Mayfield TBB,27,QB
2,ATL,Lamar Jackson BAL,39,QB
2,Paco,Josh Allen BUF,8,QB
2,Gaybo,Jalen Hurts PHI,10,QB
2,Greg,Jayden Daniels WAS,27,QB
3,Chuy,Jordan Love GBP,7,QB
3,Paco,Josh Allen BUF,32,QB
3,Monaf,Trevor Lawrence JAC,6,QB
3,Gaybo,Jalen Hurts PHI,40,QB
3,Jay,Justin Herbert LAC,18,QB
3,Greg,Spencer Rattler NOS,14,QB
4,Chuy,Jordan Love GBP,35,QB
4,Julio,Baker Mayfield TBB,35,QB
4,Elaf,Drake Maye NEP,31,QB
4,Gaybo,Jalen Hurts PHI,21,QB
4,Greg,Justin Fields NYJ,40,QB
4,Jay,Justin Herbert LAC,16,QB
5,Julio,Baker Mayfield TBB,34,QB
5,Elaf,Drake Maye NEP,11,QB
5,Chuy,C.J. Stroud HOU,38,QB
5,ATL,Carson Wentz FA,17,QB
5,Larry,Bo Nix DEN,20,QB
5,Jay,Jared Goff DET,32,QB
6,Elaf,Drake Maye NEP,42,QB
6,Monaf,Trevor Lawrence JAC,28,QB
6,Larry,Bo Nix DEN,12,QB
6,ATL,Caleb Williams CHI,27,QB
6,Julio,Baker Mayfield TBB,30,QB
6,Jay,Justin Herbert LAC,22,QB
7,Paco,Dak Prescott DAL,35,QB
7,Monaf,Trevor Lawrence JAC,21,QB
7,Jay,Jared Goff DET,14,QB
7,Doy,Matthew Stafford LAR,35,QB
7,Larry,Bo Nix DEN,44,QB
7,ATL,Caleb Williams CHI,0,QB
8,Jay,Jared Goff DET,32,QB
8,Doy,Jaxson Dart NYG,17,QB
8,Monaf,Mac Jones SFO,17,QB
8,ATL,Caleb Williams CHI,10,QB
8,Paco,Josh Allen BUF,26,QB
8,Chuy,Jordan Love GBP,38,QB
9,Elaf,Drake Maye NEP,23,QB
9,Greg,Jayden Daniels WAS,11,QB
9,Paco,Josh Allen BUF,31,QB
9,Monaf,Trevor Lawrence JAC,20,QB
9,Jay,Justin Herbert LAC,31,QB
9,ATL,Lamar Jackson BAL,36,QB
10,Jay,Justin Herbert LAC,18,QB
10,Julio,Baker Mayfield TBB,32,QB
10,Monaf,Trevor Lawrence JAC,9,QB
10,Gaybo,Jalen Hurts PHI,14,QB
10,Greg,Justin Fields NYJ,12,QB
10,ATL,Lamar Jackson BAL,14,QB
11,Gaybo,Jalen Hurts PHI,12,QB
11,Larry,Bo Nix DEN,11,QB
11,Greg,Justin Fields NYJ,23,QB
11,Julio,Baker Mayfield TBB,17,QB
11,Doy,Matthew Stafford LAR,15,QB
11,ATL,Lamar Jackson BAL,0,QB
12,Monaf,Brock Purdy SFO,15,QB
12,Doy,Matthew Stafford LAR,31,QB
12,Elaf,Drake Maye NEP,18,QB
12,Gaybo,Jalen Hurts PHI,33,QB
12,ATL,Lamar Jackson BAL,4,QB
12,Chuy,Jordan Love GBP,4,QB
13,Elaf,Drake Maye NEP,27,QB
13,Paco,Josh Allen BUF,15,QB
13,Julio,Baker Mayfield TBB,19,QB
13,ATL,Lamar Jackson BAL,8,QB
13,Larry,Bo Nix DEN,18,QB
13,Gaybo,Jalen Hurts PHI,24,QB
14,Larry,Bo Nix DEN,16,QB
14,Elaf,Daniel Jones IND,0,QB
14,Paco,Josh Allen BUF,50,QB
14,Julio,Baker Mayfield TBB,12,QB
14,ATL,Lamar Jackson BAL,29,QB
14,Doy,Matthew Stafford LAR,32,QB
1,Paco,Bijan Robinson ATL,23,RB1
1,Julio,Jonathan Taylor IND,9,RB1
1,Kenny,Christian McCaffrey SFO,13,RB1
1,Doy,Saquon Barkley PHI,15,RB1
1,Chuy,Josh Jacobs GBP,12,RB1
1,Jay,Chase Brown CIN,10,RB1
2,Kenny,Christian McCaffrey SFO,16,RB1
2,Monaf,Omarion Hampton LAC,2,RB1
2,Chuy,Josh Jacobs GBP,14,RB1
2,Doy,Saquon Barkley PHI,15,RB1
2,Jay,Chase Brown CIN,5,RB1
2,Elaf,De'Von Achane MIA,20,RB1
3,Elaf,De'Von Achane MIA,8,RB1
3,Kenny,Christian McCaffrey SFO,13,RB1
3,ATL,Jahmyr Gibbs DET,21,RB1
3,Julio,Jonathan Taylor IND,33,RB1
3,Larry,Bucky Irving TBB,9,RB1
3,Doy,Saquon Barkley PHI,4,RB1
4,Doy,Saquon Barkley PHI,13,RB1
4,Larry,Bucky Irving TBB,29,RB1
4,ATL,Jahmyr Gibbs DET,15,RB1
4,Monaf,Ashton Jeanty LVR,38,RB1
4,Kenny,Christian McCaffrey SFO,19,RB1
4,Paco,Bijan Robinson ATL,24,RB1
5,Paco,Chris Rodriguez Jr. WAS,0,RB1
5,Doy,Saquon Barkley PHI,18,RB1
5,Kenny,Christian McCaffrey SFO,19,RB1
5,Gaybo,Derrick Henry BAL,9,RB1
5,Monaf,Omarion Hampton LAC,10,RB1
5,Greg,Quinshon Judkins CLE,12,RB1
6,Kenny,Christian McCaffrey SFO,16,RB1
6,Paco,Bijan Robinson ATL,37,RB1
6,Gaybo,Derrick Henry BAL,12,RB1
6,Doy,Saquon Barkley PHI,5,RB1
6,Greg,Quinshon Judkins CLE,3,RB1
6,Chuy,Josh Jacobs GBP,27,RB1
7,Chuy,Josh Jacobs GBP,17,RB1
7,Kenny,Christian McCaffrey SFO,31,RB1
7,Julio,Jonathan Taylor IND,33,RB1
7,Gaybo,Jacory Croskey-Merritt WAS,3,RB1
7,Elaf,De'Von Achane MIA,9,RB1
7,Greg,Quinshon Judkins CLE,30,RB1
8,Elaf,De'Von Achane MIA,14,RB1
8,Kenny,Christian McCaffrey SFO,6,RB1
8,Greg,Quinshon Judkins CLE,1,RB1
8,Larry,Javonte Williams DAL,16,RB1
8,Gaybo,Derrick Henry BAL,19,RB1
8,Julio,Jonathan Taylor IND,45,RB1
9,Julio,Jonathan Taylor IND,5,RB1
9,Gaybo,Derrick Henry BAL,11,RB1
9,Larry,Javonte Williams DAL,8,RB1
9,Chuy,James Cook BUF,15,RB1
9,Doy,Kenneth Walker III SEA,5,RB1
9,Kenny,Christian McCaffrey SFO,28,RB1
10,Kenny,Christian McCaffrey SFO,9,RB1
10,Doy,Doy Dahmer NAPA,0,RB1
10,Elaf,De'Von Achane MIA,42,RB1
10,Chuy,James Cook BUF,7,RB1
10,Larry,Rachaad White TBB,4,RB1
10,Paco,Bijan Robinson ATL,8,RB1
11,Elaf,De'Von Achane MIA,16,RB1
11,Chuy,Josh Jacobs GBP,4,RB1
11,Paco,Bijan Robinson ATL,25,RB1
11,Kenny,Christian McCaffrey SFO,30,RB1
11,Monaf,Ashton Jeanty LVR,2,RB1
11,Jay,RJ Harvey DEN,5,RB1
12,Jay,Chase Brown CIN,12,RB1
12,Larry,David Montgomery DET,2,RB1
12,Paco,Bijan Robinson ATL,12,RB1
12,Kenny,Christian McCaffrey SFO,20,RB1
12,Julio,Jonathan Taylor IND,5,RB1
12,Greg,Quinshon Judkins CLE,16,RB1
13,Greg,Quinshon Judkins CLE,13,RB1
13,Doy,Kenneth Walker III SEA,6,RB1
13,Monaf,Travis Etienne Jr. JAC,3,RB1
13,Chuy,TreVeyon Henderson NEP,10,RB1
13,Kenny,Christian McCaffrey SFO,13,RB1
13,Jay,Chase Brown CIN,11,RB1
14,Jay,Chase Brown CIN,16,RB1
14,Chuy,James Cook BUF,11,RB1
14,Kenny,Bucky Irving TBB,15,RB1
14,Gaybo,Derrick Henry BAL,9,RB1
14,Monaf,Travis Etienne Jr. JAC,24,RB1
14,Greg,Quinshon Judkins CLE,7,RB1
1,Elaf,De'Von Achane MIA,14,RB1
1,ATL,Jahmyr Gibbs DET,4,RB1
1,Gaybo,Derrick Henry BAL,36,RB1
1,Larry,Bucky Irving TBB,9,RB1
1,Greg,James Conner ARI,9,RB1
1,Monaf,Ashton Jeanty LVR,9,RB1
2,Larry,Bucky Irving TBB,12,RB1
2,Julio,Jonathan Taylor IND,27,RB1
2,ATL,Jahmyr Gibbs DET,16,RB1
2,Paco,Bijan Robinson ATL,16,RB1
2,Gaybo,Derrick Henry BAL,2,RB1
2,Greg,James Conner ARI,10,RB1
3,Chuy,Josh Jacobs GBP,7,RB1
3,Paco,Bijan Robinson ATL,10,RB1
3,Monaf,Ashton Jeanty LVR,6,RB1
3,Gaybo,Derrick Henry BAL,13,RB1
3,Jay,Chase Brown CIN,1,RB1
3,Greg,James Conner ARI,3,RB1
4,Chuy,James Cook BUF,18,RB1
4,Julio,Jonathan Taylor IND,9,RB1
4,Elaf,De'Von Achane MIA,15,RB1
4,Gaybo,Derrick Henry BAL,5,RB1
4,Greg,Quinshon Judkins CLE,17,RB1
4,Jay,Chase Brown CIN,7,RB1
5,Julio,Jonathan Taylor IND,29,RB1
5,Elaf,De'Von Achane MIA,11,RB1
5,Chuy,James Cook BUF,4,RB1
5,ATL,Jahmyr Gibbs DET,16,RB1
5,Larry,Javonte Williams DAL,25,RB1
5,Jay,Chase Brown CIN,4,RB1
6,Elaf,De'Von Achane MIA,30,RB1
6,Monaf,Ashton Jeanty LVR,14,RB1
6,Larry,Javonte Williams DAL,2,RB1
6,ATL,Jahmyr Gibbs DET,6,RB1
6,Julio,Jonathan Taylor IND,19,RB1
6,Jay,Chase Brown CIN,6,RB1
7,Paco,Bijan Robinson ATL,16,RB1
7,Monaf,Ashton Jeanty LVR,3,RB1
7,Jay,Jordan Mason MIN,11,RB1
7,Doy,Saquon Barkley PHI,4,RB1
7,Larry,Javonte Williams DAL,17,RB1
7,ATL,Jahmyr Gibbs DET,40,RB1
8,Jay,Jordan Mason MIN,0,RB1
8,Doy,Saquon Barkley PHI,35,RB1
8,Monaf,Tony Pollard TEN,4,RB1
8,ATL,Cam Skattebo NYG,9,RB1
8,Paco,Bijan Robinson ATL,4,RB1
8,Chuy,James Cook BUF,41,RB1
9,Elaf,De'Von Achane MIA,9,RB1
9,Greg,Brashard Smith KCC,0,RB1
9,Paco,Bijan Robinson ATL,9,RB1
9,Monaf,Ashton Jeanty LVR,15,RB1
9,Jay,Chase Brown CIN,10,RB1
9,ATL,Jahmyr Gibbs DET,2,RB1
10,Jay,RJ Harvey DEN,0,RB1
10,Julio,Jonathan Taylor IND,54,RB1
10,Monaf,Travis Etienne Jr. JAC,12,RB1
10,Gaybo,Derrick Henry BAL,7,RB1
10,Greg,Quinshon Judkins CLE,8,RB1
10,ATL,Jahmyr Gibbs DET,41,RB1
11,Gaybo,Derrick Henry BAL,17,RB1
11,Larry,Javonte Williams DAL,9,RB1
11,Greg,Quinshon Judkins CLE,5,RB1
11,Julio,Kyren Williams LAR,15,RB1
11,Doy,Saquon Barkley PHI,8,RB1
11,ATL,Jahmyr Gibbs DET,13,RB1
12,Monaf,Ashton Jeanty LVR,11,RB1
12,Doy,Saquon Barkley PHI,7,RB1
12,Elaf,Woody Marks HOU,7,RB1
12,Gaybo,Derrick Henry BAL,20,RB1
12,ATL,Jahmyr Gibbs DET,53,RB1
12,Chuy,TreVeyon Henderson NEP,7,RB1
13,Elaf,De'Von Achane MIA,21,RB1
13,Paco,Bijan Robinson ATL,25,RB1
13,Julio,Jonathan Taylor IND,13,RB1
13,ATL,Jahmyr Gibbs DET,7,RB1
13,Larry,Breece Hall NYJ,12,RB1
13,Gaybo,Derrick Henry BAL,18,RB1
14,Larry,Javonte Williams DAL,12,RB1
14,Elaf,De'Von Achane MIA,17,RB1
14,Paco,Bijan Robinson ATL,8,RB1
14,Julio,Jonathan Taylor IND,13,RB1
14,ATL,Jahmyr Gibbs DET,37,RB1
14,Doy,Saquon Barkley PHI,23,RB1
1,Paco,Tyrone Tracy Jr. NYG,3,RB2
1,Julio,Kyren Williams LAR,12,RB2
1,Kenny,Chuba Hubbard CAR,16,RB2
1,Doy,Kenneth Walker III SEA,2,RB2
1,Chuy,James Cook BUF,15,RB2
1,Jay,RJ Harvey DEN,7,RB2
2,Kenny,Chuba Hubbard CAR,12,RB2
2,Monaf,Ashton Jeanty LVR,4,RB2
2,Chuy,James Cook BUF,29,RB2
2,Doy,Kenneth Walker III SEA,18,RB2
2,Jay,RJ Harvey DEN,1,RB2
2,Elaf,Isiah Pacheco KCC,2,RB2
3,Elaf,Isiah Pacheco KCC,4,RB2
3,Kenny,Chuba Hubbard CAR,7,RB2
3,ATL,Rhamondre Stevenson NEP,4,RB2
3,Julio,Kyren Williams LAR,17,RB2
3,Larry,Breece Hall NYJ,5,RB2
3,Doy,Kenneth Walker III SEA,16,RB2
4,Doy,Kenneth Walker III SEA,10,RB2
4,Larry,Breece Hall NYJ,11,RB2
4,ATL,Cam Skattebo NYG,11,RB2
4,Monaf,Omarion Hampton LAC,26,RB2
4,Kenny,David Montgomery DET,1,RB2
4,Paco,Chris Rodriguez Jr. WAS,5,RB2
5,Paco,Rico Dowdle CAR,28,RB2
5,Doy,Kenneth Walker III SEA,8,RB2
5,Kenny,David Montgomery DET,18,RB2
5,Gaybo,Jacory Croskey-Merritt WAS,27,RB2
5,Monaf,Ashton Jeanty LVR,6,RB2
5,Greg,Ollie Gordon II MIA,0,RB2
6,Kenny,David Montgomery DET,5,RB2
6,Paco,Rico Dowdle CAR,32,RB2
6,Gaybo,Jacory Croskey-Merritt WAS,6,RB2
6,Doy,Kenneth Walker III SEA,3,RB2
6,Greg,Jaylen Warren PIT,6,RB2
6,Chuy,James Cook BUF,8,RB2
7,Chuy,D'Andre Swift CHI,20,RB2
7,Kenny,David Montgomery DET,3,RB2
7,Julio,Kyren Williams LAR,6,RB2
7,Gaybo,Nick Chubb HOU,1,RB2
7,Elaf,Isiah Pacheco KCC,11,RB2
7,Greg,Jaylen Warren PIT,15,RB2
8,Elaf,Isiah Pacheco KCC,5,RB2
8,Kenny,Chuba Hubbard CAR,9,RB2
8,Greg,Jaylen Warren PIT,7,RB2
8,Larry,Breece Hall NYJ,34,RB2
8,Gaybo,Jacory Croskey-Merritt WAS,2,RB2
8,Julio,J.K. Dobbins DEN,12,RB2
9,Julio,Kyren Williams LAR,17,RB2
9,Gaybo,Jacory Croskey-Merritt WAS,3,RB2
9,Larry,Kyle Monangai CHI,19,RB2
9,Chuy,Josh Jacobs GBP,12,RB2
9,Doy,Alvin Kamara NOS,1,RB2
9,Kenny,David Montgomery DET,11,RB2
10,Kenny,David Montgomery DET,10,RB2
10,Doy,Doy Dahmer NAPA,0,RB2
10,Elaf,Kimani Vidal LAC,16,RB2
10,Chuy,Josh Jacobs GBP,16,RB2
10,Larry,Breece Hall NYJ,22,RB2
10,Paco,Rico Dowdle CAR,12,RB2
11,Elaf,Kimani Vidal LAC,1,RB2
11,Chuy,James Cook BUF,18,RB2
11,Paco,Rico Dowdle CAR,9,RB2
11,Kenny,David Montgomery DET,3,RB2
11,Monaf,Travis Etienne Jr. JAC,22,RB2
11,Jay,Chase Brown CIN,13,RB2
12,Jay,Jordan Mason MIN,4,RB2
12,Larry,Breece Hall NYJ,11,RB2
12,Paco,Rico Dowdle CAR,6,RB2
12,Kenny,Bucky Irving TBB,0,RB2
12,Julio,Kyren Williams LAR,4,RB2
12,Greg,Jaylen Warren PIT,12,RB2
13,Greg,Jaylen Warren PIT,9,RB2
13,Doy,Blake Corum LAR,14,RB2
13,Monaf,Tony Pollard TEN,6,RB2
13,Chuy,Josh Jacobs GBP,8,RB2
13,Kenny,Bucky Irving TBB,15,RB2
13,Jay,RJ Harvey DEN,17,RB2
14,Jay,RJ Harvey DEN,15,RB2
14,Chuy,Josh Jacobs GBP,14,RB2
14,Kenny,Aaron Jones Sr. MIN,7,RB2
14,Gaybo,Tyler Allgeier ATL,6,RB2
14,Monaf,Omarion Hampton LAC,13,RB2
14,Greg,Jaylen Warren PIT,14,RB2
1,Elaf,Isiah Pacheco KCC,2,RB2
1,ATL,Rhamondre Stevenson NEP,2,RB2
1,Gaybo,Nick Chubb HOU,6,RB2
1,Larry,Breece Hall NYJ,13,RB2
1,Greg,Jaylen Warren PIT,11,RB2
1,Monaf,Omarion Hampton LAC,5,RB2
2,Larry,Breece Hall NYJ,2,RB2
2,Julio,Kyren Williams LAR,7,RB2
2,ATL,Rhamondre Stevenson NEP,16,RB2
2,Paco,Tyrone Tracy Jr. NYG,4,RB2
2,Gaybo,Jacory Croskey-Merritt WAS,1,RB2
2,Greg,Jaylen Warren PIT,12,RB2
3,Chuy,James Cook BUF,17,RB2
3,Paco,Tyrone Tracy Jr. NYG,2,RB2
3,Monaf,Tony Pollard TEN,11,RB2
3,Gaybo,Jacory Croskey-Merritt WAS,8,RB2
3,Jay,Jordan Mason MIN,23,RB2
3,Greg,Jaylen Warren PIT,7,RB2
4,Chuy,Josh Jacobs GBP,28,RB2
4,Julio,Kyren Williams LAR,8,RB2
4,Elaf,Isiah Pacheco KCC,10,RB2
4,Gaybo,Nick Chubb HOU,5,RB2
4,Greg,Jaylen Warren PIT,0,RB2
4,Jay,Jordan Mason MIN,6,RB2
5,Julio,Kyren Williams LAR,25,RB2
5,Elaf,Woody Marks HOU,2,RB2
5,Chuy,TreVeyon Henderson NEP,2,RB2
5,ATL,Cam Skattebo NYG,9,RB2
5,Larry,Breece Hall NYJ,15,RB2
5,Jay,Jordan Mason MIN,11,RB2
6,Elaf,Zach Charbonnet SEA,3,RB2
6,Monaf,Travis Etienne Jr. JAC,4,RB2
6,Larry,Breece Hall NYJ,5,RB2
6,ATL,Cam Skattebo NYG,28,RB2
6,Julio,Kyren Williams LAR,14,RB2
6,Jay,RJ Harvey DEN,2,RB2
7,Paco,Rico Dowdle CAR,8,RB2
7,Monaf,Travis Etienne Jr. JAC,5,RB2
7,Jay,Chase Brown CIN,10,RB2
7,Doy,Kenneth Walker III SEA,6,RB2
7,Larry,Breece Hall NYJ,4,RB2
7,ATL,Cam Skattebo NYG,16,RB2
8,Jay,Chase Brown CIN,23,RB2
8,Doy,Alvin Kamara NOS,4,RB2
8,Monaf,Dylan Sampson CLE,2,RB2
8,ATL,Rhamondre Stevenson NEP,4,RB2
8,Paco,Rico Dowdle CAR,5,RB2
8,Chuy,Josh Jacobs GBP,10,RB2
9,Elaf,Kimani Vidal LAC,3,RB2
9,Greg,Jaylen Warren PIT,15,RB2
9,Paco,Tyrone Tracy Jr. NYG,2,RB2
9,Monaf,Travis Etienne Jr. JAC,11,RB2
9,Jay,RJ Harvey DEN,13,RB2
9,ATL,Kaleb Johnson PIT,0,RB2
10,Jay,Jordan Mason MIN,2,RB2
10,Julio,Kyren Williams LAR,22,RB2
10,Monaf,Ashton Jeanty LVR,12,RB2
10,Gaybo,Jacory Croskey-Merritt WAS,3,RB2
10,Greg,Jaylen Warren PIT,9,RB2
10,ATL,Emari Demercado ARI,10,RB2
11,Gaybo,Tyler Allgeier ATL,7,RB2
11,Larry,Breece Hall NYJ,5,RB2
11,Greg,Jaylen Warren PIT,6,RB2
11,Julio,Kareem Hunt KCC,11,RB2
11,Doy,Kenneth Walker III SEA,15,RB2
11,ATL,Emari Demercado ARI,1,RB2
12,Monaf,Travis Etienne Jr. JAC,19,RB2
12,Doy,Kenneth Walker III SEA,10,RB2
12,Elaf,Zach Charbonnet SEA,9,RB2
12,Gaybo,Tyler Allgeier ATL,4,RB2
12,ATL,Rhamondre Stevenson NEP,0,RB2
12,Chuy,James Cook BUF,22,RB2
13,Elaf,Woody Marks HOU,6,RB2
13,Paco,Rico Dowdle CAR,7,RB2
13,Julio,Kyren Williams LAR,14,RB2
13,ATL,Ashton Jeanty LVR,6,RB2
13,Larry,Javonte Williams DAL,13,RB2
13,Gaybo,Tyler Allgeier ATL,11,RB2
14,Larry,David Montgomery DET,16,RB2
14,Elaf,Zach Charbonnet SEA,6,RB2
14,Paco,Chris Rodriguez Jr. WAS,5,RB2
14,Julio,Kyren Williams LAR,15,RB2
14,ATL,Ashton Jeanty LVR,3,RB2
14,Doy,Kenneth Walker III SEA,2,RB2
1,Paco,Puka Nacua LAR,13,WR1
1,Julio,A.J. Brown PHI,0,WR1
1,Kenny,Malik Nabers NYG,7,WR1
1,Doy,Marvin Harrison Jr. ARI,13,WR1
1,Chuy,Davante Adams LAR,5,WR1
1,Jay,CeeDee Lamb DAL,11,WR1
2,Kenny,Malik Nabers NYG,34,WR1
2,Monaf,Ladd McConkey LAC,4,WR1
2,Chuy,Davante Adams LAR,17,WR1
2,Doy,Marvin Harrison Jr. ARI,2,WR1
2,Jay,CeeDee Lamb DAL,11,WR1
2,Elaf,Ja'Marr Chase CIN,22,WR1
3,Elaf,Ja'Marr Chase CIN,5,WR1
3,Kenny,Malik Nabers NYG,1,WR1
3,ATL,Drake London ATL,5,WR1
3,Julio,Tyreek Hill MIA,10,WR1
3,Larry,Brian Thomas Jr. JAC,5,WR1
3,Doy,Marvin Harrison Jr. ARI,4,WR1
4,Doy,Marvin Harrison Jr. ARI,13,WR1
4,Larry,Brian Thomas Jr. JAC,4,WR1
4,ATL,Drake London ATL,17,WR1
4,Monaf,Ladd McConkey LAC,1,WR1
4,Kenny,Malik Nabers NYG,2,WR1
4,Paco,Puka Nacua LAR,23,WR1
5,Paco,Puka Nacua LAR,14,WR1
5,Doy,Marvin Harrison Jr. ARI,9,WR1
5,Kenny,Deebo Samuel Sr. WAS,15,WR1
5,Gaybo,Amon-Ra St. Brown DET,10,WR1
5,Monaf,Emeka Egbuka TBB,27,WR1
5,Greg,Justin Jefferson MIN,12,WR1
6,Kenny,Deebo Samuel Sr. WAS,1,WR1
6,Paco,Puka Nacua LAR,2,WR1
6,Gaybo,Amon-Ra St. Brown DET,4,WR1
6,Doy,Marvin Harrison Jr. ARI,3,WR1
6,Greg,George Pickens DAL,25,WR1
6,Chuy,Davante Adams LAR,3,WR1
7,Chuy,Davante Adams LAR,21,WR1
7,Kenny,Travis Kelce KCC,5,WR1
7,Julio,A.J. Brown PHI,29,WR1
7,Gaybo,Amon-Ra St. Brown DET,16,WR1
7,Elaf,Ja'Marr Chase CIN,22,WR1
7,Greg,Justin Jefferson MIN,7,WR1
8,Elaf,Ja'Marr Chase CIN,9,WR1
8,Kenny,Travis Kelce KCC,16,WR1
8,Greg,Justin Jefferson MIN,7,WR1
8,Larry,Marvin Mims Jr. DEN,1,WR1
8,Gaybo,Jordan Addison MIN,8,WR1
8,Julio,Tyler Warren IND,5,WR1
9,Julio,Keenan Allen LAC,4,WR1
9,Gaybo,Amon-Ra St. Brown DET,9,WR1
9,Larry,Brian Thomas Jr. JAC,5,WR1
9,Chuy,Davante Adams LAR,18,WR1
9,Doy,Marvin Harrison Jr. ARI,15,WR1
9,Kenny,Travis Kelce KCC,8,WR1
10,Kenny,Deebo Samuel Sr. WAS,8,WR1
10,Doy,Doy Dahmer NAPA,0,WR1
10,Elaf,Jaxon Smith-Njigba SEA,19,WR1
10,Chuy,Davante Adams LAR,13,WR1
10,Larry,Brian Thomas Jr. JAC,0,WR1
10,Paco,Puka Nacua LAR,14,WR1
11,Elaf,Jaxon Smith-Njigba SEA,11,WR1
11,Chuy,Davante Adams LAR,6,WR1
11,Paco,Puka Nacua LAR,7,WR1
11,Kenny,Travis Kelce KCC,16,WR1
11,Monaf,Ladd McConkey LAC,1,WR1
11,Jay,Drake London ATL,11,WR1
12,Jay,Rome Odunze CHI,5,WR1
12,Larry,Rashid Shaheed NOS,0,WR1
12,Paco,Puka Nacua LAR,9,WR1
12,Kenny,Deebo Samuel Sr. WAS,0,WR1
12,Julio,Emeka Egbuka TBB,3,WR1
12,Greg,Darnell Mooney ATL,17,WR1
13,Greg,Darnell Mooney ATL,2,WR1
13,Doy,Jaylen Waddle MIA,4,WR1
13,Monaf,CeeDee Lamb DAL,18,WR1
13,Chuy,Davante Adams LAR,17,WR1
13,Kenny,Terry McLaurin WAS,15,WR1
13,Jay,Rome Odunze CHI,0,WR1
14,Jay,Chris Olave NOS,3,WR1
14,Chuy,Davante Adams LAR,2,WR1
14,Kenny,Terry McLaurin WAS,4,WR1
14,Gaybo,Amon-Ra St. Brown DET,9,WR1
14,Monaf,CeeDee Lamb DAL,12,WR1
14,Greg,Darnell Mooney ATL,0,WR1
1,Elaf,Ja'Marr Chase CIN,2,WR1
1,ATL,Drake London ATL,5,WR1
1,Gaybo,Amon-Ra St. Brown DET,4,WR1
1,Larry,Brian Thomas Jr. JAC,7,WR1
1,Greg,Justin Jefferson MIN,11,WR1
1,Monaf,Ladd McConkey LAC,7,WR1
2,Larry,Brian Thomas Jr. JAC,4,WR1
2,Julio,A.J. Brown PHI,2,WR1
2,ATL,Drake London ATL,4,WR1
2,Paco,Puka Nacua LAR,23,WR1
2,Gaybo,Amon-Ra St. Brown DET,29,WR1
2,Greg,Justin Jefferson MIN,8,WR1
3,Chuy,Davante Adams LAR,15,WR1
3,Paco,Puka Nacua LAR,11,WR1
3,Monaf,Ladd McConkey LAC,4,WR1
3,Gaybo,Amon-Ra St. Brown DET,14,WR1
3,Jay,CeeDee Lamb DAL,0,WR1
3,Greg,Justin Jefferson MIN,7,WR1
4,Chuy,Davante Adams LAR,12,WR1
4,Julio,A.J. Brown PHI,0,WR1
4,Elaf,Ja'Marr Chase CIN,2,WR1
4,Gaybo,Amon-Ra St. Brown DET,19,WR1
4,Greg,Justin Jefferson MIN,12,WR1
4,Jay,Quentin Johnston LAC,18,WR1
5,Julio,A.J. Brown PHI,4,WR1
5,Elaf,Ja'Marr Chase CIN,30,WR1
5,Chuy,Davante Adams LAR,8,WR1
5,ATL,Keon Coleman BUF,8,WR1
5,Larry,Brian Thomas Jr. JAC,8,WR1
5,Jay,Quentin Johnston LAC,4,WR1
6,Elaf,Ja'Marr Chase CIN,16,WR1
6,Monaf,Emeka Egbuka TBB,2,WR1
6,Larry,Brian Thomas Jr. JAC,17,WR1
6,ATL,Drake London ATL,21,WR1
6,Julio,A.J. Brown PHI,8,WR1
6,Jay,Rome Odunze CHI,3,WR1
7,Paco,DK Metcalf PIT,5,WR1
7,Monaf,Ladd McConkey LAC,6,WR1
7,Jay,Rome Odunze CHI,3,WR1
7,Doy,Marvin Harrison Jr. ARI,5,WR1
7,Larry,Brian Thomas Jr. JAC,3,WR1
7,ATL,Mike Evans TBB,0,WR1
8,Jay,Rome Odunze CHI,11,WR1
8,Doy,DJ Moore CHI,7,WR1
8,Monaf,Ladd McConkey LAC,16,WR1
8,ATL,Rashee Rice KCC,16,WR1
8,Paco,DK Metcalf PIT,11,WR1
8,Chuy,Wan'Dale Robinson NYG,4,WR1
9,Elaf,Ja'Marr Chase CIN,11,WR1
9,Greg,Justin Jefferson MIN,11,WR1
9,Paco,Puka Nacua LAR,18,WR1
9,Monaf,Ladd McConkey LAC,5,WR1
9,Jay,Rome Odunze CHI,0,WR1
9,ATL,Rashee Rice KCC,14,WR1
10,Jay,Rome Odunze CHI,14,WR1
10,Julio,A.J. Brown PHI,1,WR1
10,Monaf,Ladd McConkey LAC,17,WR1
10,Gaybo,Amon-Ra St. Brown DET,11,WR1
10,Greg,Justin Jefferson MIN,3,WR1
10,ATL,Drake London ATL,19,WR1
11,Gaybo,Amon-Ra St. Brown DET,4,WR1
11,Larry,Brian Thomas Jr. JAC,0,WR1
11,Greg,Justin Jefferson MIN,6,WR1
11,Julio,A.J. Brown PHI,4,WR1
11,Doy,Jaylen Waddle MIA,5,WR1
11,ATL,CeeDee Lamb DAL,13,WR1
12,Monaf,A.J. Brown PHI,18,WR1
12,Doy,Romeo Doubs GBP,2,WR1
12,Elaf,Jaxon Smith-Njigba SEA,35,WR1
12,Gaybo,Amon-Ra St. Brown DET,21,WR1
12,ATL,Rashee Rice KCC,16,WR1
12,Chuy,Davante Adams LAR,20,WR1
13,Elaf,Jaxon Smith-Njigba SEA,2,WR1
13,Paco,Puka Nacua LAR,7,WR1
13,Julio,Emeka Egbuka TBB,6,WR1
13,ATL,Rashee Rice KCC,23,WR1
13,Larry,Khalil Shakir BUF,0,WR1
13,Gaybo,Amon-Ra St. Brown DET,0,WR1
14,Larry,Brian Thomas Jr. JAC,8,WR1
14,Elaf,Jaxon Smith-Njigba SEA,22,WR1
14,Paco,Puka Nacua LAR,33,WR1
14,Julio,Emeka Egbuka TBB,1,WR1
14,ATL,Rashee Rice KCC,3,WR1
14,Doy,Jaylen Waddle MIA,11,WR1
1,Paco,DK Metcalf PIT,8,WR2
1,Julio,Tyreek Hill MIA,4,WR2
1,Kenny,Travis Kelce KCC,13,WR2
1,Doy,DJ Moore CHI,6,WR2
1,Chuy,Jameson Williams DET,2,WR2
1,Jay,Brock Bowers LVR,10,WR2
2,Kenny,Travis Kelce KCC,6,WR2
2,Monaf,Emeka Egbuka TBB,9,WR2
2,Chuy,Jameson Williams DET,20,WR2
2,Doy,DJ Moore CHI,4,WR2
2,Jay,Brock Bowers LVR,3,WR2
2,Elaf,Courtland Sutton DEN,0,WR2
3,Elaf,Courtland Sutton DEN,22,WR2
3,Kenny,Travis Kelce KCC,2,WR2
3,ATL,Mike Evans TBB,9,WR2
3,Julio,A.J. Brown PHI,16,WR2
3,Larry,Terry McLaurin WAS,7,WR2
3,Doy,DJ Moore CHI,8,WR2
4,Doy,DJ Moore CHI,3,WR2
4,Larry,Garrett Wilson NYJ,16,WR2
4,ATL,Ricky Pearsall SFO,4,WR2
4,Monaf,Emeka Egbuka TBB,23,WR2
4,Kenny,Chris Godwin TBB,2,WR2
4,Paco,DK Metcalf PIT,26,WR2
5,Paco,Trey McBride ARI,4,WR2
5,Doy,Jaylen Waddle MIA,21,WR2
5,Kenny,Chris Godwin TBB,2,WR2
5,Gaybo,Jordan Addison MIN,11,WR2
5,Monaf,Ladd McConkey LAC,9,WR2
5,Greg,Nico Collins HOU,12,WR2
6,Kenny,Travis Kelce KCC,7,WR2
6,Paco,DK Metcalf PIT,17,WR2
6,Gaybo,DeVonta Smith PHI,4,WR2
6,Doy,Jaylen Waddle MIA,9,WR2
6,Greg,Jakobi Meyers LVR,3,WR2
6,Chuy,Jameson Williams DET,14,WR2
7,Chuy,Jameson Williams DET,0,WR2
7,Kenny,Rashid Shaheed NOS,4,WR2
7,Julio,Keenan Allen LAC,17,WR2
7,Gaybo,Tee Higgins CIN,17,WR2
7,Elaf,Courtland Sutton DEN,11,WR2
7,Greg,Nico Collins HOU,2,WR2
8,Elaf,Courtland Sutton DEN,6,WR2
8,Kenny,Deebo Samuel Sr. WAS,1,WR2
8,Greg,Darnell Mooney ATL,1,WR2
8,Larry,Terry McLaurin WAS,12,WR2
8,Gaybo,Tee Higgins CIN,14,WR2
8,Julio,Keenan Allen LAC,4,WR2
9,Julio,Jake Ferguson DAL,5,WR2
9,Gaybo,Zay Flowers BAL,6,WR2
9,Larry,Khalil Shakir BUF,4,WR2
9,Chuy,Wan'Dale Robinson NYG,4,WR2
9,Doy,Jaylen Waddle MIA,8,WR2
9,Kenny,Deebo Samuel Sr. WAS,4,WR2
10,Kenny,Mark Andrews BAL,7,WR2
10,Doy,Doy Dahmer NAPA,0,WR2
10,Elaf,Courtland Sutton DEN,2,WR2
10,Chuy,Wan'Dale Robinson NYG,6,WR2
10,Larry,Garrett Wilson NYJ,0,WR2
10,Paco,DK Metcalf PIT,3,WR2
11,Elaf,Stefon Diggs NEP,10,WR2
11,Chuy,Wan'Dale Robinson NYG,3,WR2
11,Paco,DK Metcalf PIT,4,WR2
11,Kenny,Rashid Shaheed NOS,2,WR2
11,Monaf,Emeka Egbuka TBB,4,WR2
11,Jay,Rome Odunze CHI,4,WR2
12,Jay,Chris Olave NOS,7,WR2
12,Larry,Jerry Jeudy CLE,3,WR2
12,Paco,Justin Jefferson MIN,4,WR2
12,Kenny,Travis Kelce KCC,4,WR2
12,Julio,Jake Ferguson DAL,6,WR2
12,Greg,Nico Collins HOU,5,WR2
13,Greg,Nico Collins HOU,15,WR2
13,Doy,Marvin Harrison Jr. ARI,6,WR2
13,Monaf,A.J. Brown PHI,28,WR2
13,Chuy,Jameson Williams DET,22,WR2
13,Kenny,Travis Kelce KCC,10,WR2
13,Jay,Chris Olave NOS,11,WR2
14,Jay,Quentin Johnston LAC,0,WR2
14,Chuy,Jameson Williams DET,9,WR2
14,Kenny,Travis Kelce KCC,0,WR2
14,Gaybo,DeVonta Smith PHI,3,WR2
14,Monaf,A.J. Brown PHI,10,WR2
14,Greg,Nico Collins HOU,12,WR2
1,Elaf,Courtland Sutton DEN,14,WR2
1,ATL,Mike Evans TBB,5,WR2
1,Gaybo,DeVonta Smith PHI,1,WR2
1,Larry,Terry McLaurin WAS,2,WR2
1,Greg,Nico Collins HOU,2,WR2
1,Monaf,Xavier Worthy KCC,0,WR2
2,Larry,Terry McLaurin WAS,4,WR2
2,Julio,Tyreek Hill MIA,10,WR2
2,ATL,Mike Evans TBB,5,WR2
2,Paco,DK Metcalf PIT,8,WR2
2,Gaybo,DeVonta Smith PHI,5,WR2
2,Greg,Nico Collins HOU,13,WR2
3,Chuy,Jameson Williams DET,4,WR2
3,Paco,DK Metcalf PIT,10,WR2
3,Monaf,Emeka Egbuka TBB,8,WR2
3,Gaybo,Tee Higgins CIN,1,WR2
3,Jay,Rome Odunze CHI,15,WR2
3,Greg,Nico Collins HOU,21,WR2
4,Chuy,Jameson Williams DET,4,WR2
4,Julio,Tyreek Hill MIA,6,WR2
4,Elaf,Courtland Sutton DEN,16,WR2
4,Gaybo,Zay Flowers BAL,7,WR2
4,Greg,Nico Collins HOU,7,WR2
4,Jay,Rome Odunze CHI,14,WR2
5,Julio,Keenan Allen LAC,5,WR2
5,Elaf,Courtland Sutton DEN,9,WR2
5,Chuy,Jameson Williams DET,0,WR2
5,ATL,Troy Franklin DEN,3,WR2
5,Larry,Garrett Wilson NYJ,13,WR2
5,Jay,Josh Downs IND,5,WR2
6,Elaf,Courtland Sutton DEN,1,WR2
6,Monaf,Ladd McConkey LAC,16,WR2
6,Larry,Garrett Wilson NYJ,1,WR2
6,ATL,Keon Coleman BUF,1,WR2
6,Julio,Keenan Allen LAC,2,WR2
6,Jay,Josh Downs IND,10,WR2
7,Paco,Trey McBride ARI,21,WR2
7,Monaf,Xavier Worthy KCC,4,WR2
7,Jay,CeeDee Lamb DAL,24,WR2
7,Doy,Jaylen Waddle MIA,1,WR2
7,Larry,Jerry Jeudy CLE,1,WR2
7,ATL,Drake London ATL,4,WR2
8,Jay,CeeDee Lamb DAL,7,WR2
8,Doy,Romeo Doubs GBP,6,WR2
8,Monaf,Xavier Worthy KCC,5,WR2
8,ATL,Drake London ATL,0,WR2
8,Paco,Michael Pittman Jr. IND,17,WR2
8,Chuy,Kayshon Boutte NEP,16,WR2
9,Elaf,Jaxon Smith-Njigba SEA,13,WR2
9,Greg,Nico Collins HOU,7,WR2
9,Paco,DK Metcalf PIT,0,WR2
9,Monaf,Tucker Kraft GBP,2,WR2
9,Jay,CeeDee Lamb DAL,8,WR2
9,ATL,Drake London ATL,29,WR2
10,Jay,Josh Downs IND,0,WR2
10,Julio,Keenan Allen LAC,1,WR2
10,Monaf,Emeka Egbuka TBB,19,WR2
10,Gaybo,DeVonta Smith PHI,15,WR2
10,Greg,Nico Collins HOU,13,WR2
10,ATL,Troy Franklin DEN,10,WR2
11,Gaybo,DeVonta Smith PHI,0,WR2
11,Larry,Khalil Shakir BUF,0,WR2
11,Greg,Nico Collins HOU,15,WR2
11,Julio,Keenan Allen LAC,5,WR2
11,Doy,Romeo Doubs GBP,5,WR2
11,ATL,Rashee Rice KCC,3,WR2
12,Monaf,Tyler Warren IND,5,WR2
12,Doy,DJ Moore CHI,20,WR2
12,Elaf,Stefon Diggs NEP,2,WR2
12,Gaybo,DeVonta Smith PHI,9,WR2
12,ATL,CeeDee Lamb DAL,7,WR2
12,Chuy,Jameson Williams DET,0,WR2
13,Elaf,Ja'Marr Chase CIN,11,WR2
13,Paco,Justin Jefferson MIN,0,WR2
13,Julio,Ladd McConkey LAC,10,WR2
13,ATL,Brock Bowers LVR,18,WR2
13,Larry,Jerry Jeudy CLE,2,WR2
13,Gaybo,Zay Flowers BAL,0,WR2
14,Larry,Khalil Shakir BUF,8,WR2
14,Elaf,Ja'Marr Chase CIN,4,WR2
14,Paco,Justin Jefferson MIN,1,WR2
14,Julio,Ladd McConkey LAC,1,WR2
14,ATL,Brock Bowers LVR,11,WR2
14,Doy,Romeo Doubs GBP,0,WR2
1,Paco,Denver Broncos DEN,25,DEF
1,Julio,Pittsburgh Steelers PIT,5,DEF
1,Kenny,Cincinnati Bengals CIN,10,DEF
1,Doy,Houston Texans HOU,9,DEF
1,Chuy,New York Jets NYJ,8,DEF
1,Jay,Tampa Bay Buccaneers TBB,2,DEF
2,Kenny,Cincinnati Bengals CIN,8,DEF
2,Monaf,San Francisco 49ers SFO,9,DEF
2,Chuy,Green Bay Packers GBP,8,DEF
2,Doy,Baltimore Ravens BAL,22,DEF
2,Jay,Seattle Seahawks SEA,18,DEF
2,Elaf,Detroit Lions DET,14,DEF
3,Elaf,Detroit Lions DET,17,DEF
3,Kenny,Indianapolis Colts IND,20,DEF
3,ATL,Minnesota Vikings MIN,55,DEF
3,Julio,Pittsburgh Steelers PIT,25,DEF
3,Larry,Cleveland Browns CLE,16,DEF
3,Doy,Houston Texans HOU,7,DEF
4,Doy,Houston Texans HOU,20,DEF
4,Larry,Cleveland Browns CLE,3,DEF
4,ATL,Minnesota Vikings MIN,4,DEF
4,Monaf,New England Patriots NEP,16,DEF
4,Kenny,Indianapolis Colts IND,9,DEF
4,Paco,Denver Broncos DEN,16,DEF
5,Paco,Philadelphia Eagles PHI,4,DEF
5,Doy,Baltimore Ravens BAL,-1,DEF
5,Kenny,Indianapolis Colts IND,17,DEF
5,Gaybo,Kansas City Chiefs KCC,12,DEF
5,Monaf,Los Angeles Rams LAR,2,DEF
5,Greg,Arizona Cardinals ARI,10,DEF
6,Kenny,Indianapolis Colts IND,7,DEF
6,Paco,Denver Broncos DEN,28,DEF
6,Gaybo,Miami Dolphins MIA,5,DEF
6,Doy,Baltimore Ravens BAL,7,DEF
6,Greg,Buffalo Bills BUF,4,DEF
6,Chuy,Green Bay Packers GBP,2,DEF
7,Chuy,Green Bay Packers GBP,15,DEF
7,Kenny,Indianapolis Colts IND,12,DEF
7,Julio,Pittsburgh Steelers PIT,4,DEF
7,Gaybo,Kansas City Chiefs KCC,25,DEF
7,Elaf,Detroit Lions DET,17,DEF
7,Greg,New York Giants NYG,4,DEF
8,Elaf,Detroit Lions DET,0,DEF
8,Kenny,Cincinnati Bengals CIN,-3,DEF
8,Greg,Buffalo Bills BUF,26,DEF
8,Larry,Cleveland Browns CLE,18,DEF
8,Gaybo,Kansas City Chiefs KCC,13,DEF
8,Julio,Pittsburgh Steelers PIT,0,DEF
9,Julio,Jacksonville Jaguars JAC,7,DEF
9,Gaybo,Kansas City Chiefs KCC,6,DEF
9,Larry,Chicago Bears CHI,10,DEF
9,Chuy,Green Bay Packers GBP,5,DEF
9,Doy,Baltimore Ravens BAL,16,DEF
9,Kenny,Indianapolis Colts IND,9,DEF
10,Kenny,Indianapolis Colts IND,9,DEF
10,Doy,Doy Dahmer NAPA,0,DEF
10,Elaf,Detroit Lions DET,4,DEF
10,Chuy,New York Jets NYJ,40,DEF
10,Larry,Cleveland Browns CLE,12,DEF
10,Paco,Denver Broncos DEN,21,DEF
11,Elaf,Detroit Lions DET,2,DEF
11,Chuy,Green Bay Packers GBP,10,DEF
11,Paco,Dallas Cowboys DAL,16,DEF
11,Kenny,Cincinnati Bengals CIN,2,DEF
11,Monaf,New England Patriots NEP,13,DEF
11,Jay,Los Angeles Chargers LAC,0,DEF
12,Jay,Seattle Seahawks SEA,8,DEF
12,Larry,Cleveland Browns CLE,26,DEF
12,Paco,Philadelphia Eagles PHI,8,DEF
12,Kenny,Indianapolis Colts IND,14,DEF
12,Julio,Jacksonville Jaguars JAC,12,DEF
12,Greg,Arizona Cardinals ARI,24,DEF
13,Greg,Arizona Cardinals ARI,4,DEF
13,Doy,Houston Texans HOU,2,DEF
13,Monaf,San Francisco 49ers SFO,18,DEF
13,Chuy,New York Jets NYJ,7,DEF
13,Kenny,Indianapolis Colts IND,7,DEF
13,Jay,Seattle Seahawks SEA,47,DEF
14,Jay,Seattle Seahawks SEA,29,DEF
14,Chuy,Green Bay Packers GBP,5,DEF
14,Kenny,Indianapolis Colts IND,0,DEF
14,Gaybo,Miami Dolphins MIA,24,DEF
14,Monaf,Tennessee Titans TEN,11,DEF
14,Greg,Buffalo Bills BUF,20,DEF
1,Elaf,Detroit Lions DET,0,DEF
1,ATL,Minnesota Vikings MIN,7,DEF
1,Gaybo,Kansas City Chiefs KCC,6,DEF
1,Larry,Chicago Bears CHI,22,DEF
1,Greg,Arizona Cardinals ARI,2,DEF
1,Monaf,San Francisco 49ers SFO,8,DEF
2,Larry,Chicago Bears CHI,-10,DEF
2,Julio,Pittsburgh Steelers PIT,10,DEF
2,ATL,Los Angeles Rams LAR,13,DEF
2,Paco,Denver Broncos DEN,2,DEF
2,Gaybo,Kansas City Chiefs KCC,4,DEF
2,Greg,Arizona Cardinals ARI,18,DEF
3,Chuy,Green Bay Packers GBP,7,DEF
3,Paco,Denver Broncos DEN,16,DEF
3,Monaf,San Francisco 49ers SFO,2,DEF
3,Gaybo,Kansas City Chiefs KCC,13,DEF
3,Jay,Seattle Seahawks SEA,22,DEF
3,Greg,Buffalo Bills BUF,3,DEF
4,Chuy,Green Bay Packers GBP,-1,DEF
4,Julio,Pittsburgh Steelers PIT,18,DEF
4,Elaf,Detroit Lions DET,30,DEF
4,Gaybo,Miami Dolphins MIA,13,DEF
4,Greg,Buffalo Bills BUF,9,DEF
4,Jay,Seattle Seahawks SEA,18,DEF
5,Julio,Jacksonville Jaguars JAC,18,DEF
5,Elaf,Detroit Lions DET,18,DEF
5,Chuy,New York Jets NYJ,-1,DEF
5,ATL,Minnesota Vikings MIN,10,DEF
5,Larry,Cleveland Browns CLE,12,DEF
5,Jay,Seattle Seahawks SEA,-1,DEF
6,Elaf,Detroit Lions DET,6,DEF
6,Monaf,New England Patriots NEP,7,DEF
6,Larry,Cleveland Browns CLE,0,DEF
6,ATL,Los Angeles Rams LAR,24,DEF
6,Julio,Pittsburgh Steelers PIT,15,DEF
6,Jay,Los Angeles Chargers LAC,13,DEF
7,Paco,Denver Broncos DEN,11,DEF
7,Monaf,New England Patriots NEP,22,DEF
7,Jay,Seattle Seahawks SEA,9,DEF
7,Doy,Houston Texans HOU,22,DEF
7,Larry,Cleveland Browns CLE,32,DEF
7,ATL,Los Angeles Rams LAR,17,DEF
8,Jay,Tampa Bay Buccaneers TBB,35,DEF
8,Doy,Houston Texans HOU,7,DEF
8,Monaf,New England Patriots NEP,13,DEF
8,ATL,Minnesota Vikings MIN,4,DEF
8,Paco,Philadelphia Eagles PHI,10,DEF
8,Chuy,Green Bay Packers GBP,9,DEF
9,Elaf,Detroit Lions DET,13,DEF
9,Greg,New York Giants NYG,7,DEF
9,Paco,Denver Broncos DEN,8,DEF
9,Monaf,New England Patriots NEP,2,DEF
9,Jay,Los Angeles Chargers LAC,8,DEF
9,ATL,Los Angeles Rams LAR,11,DEF
10,Jay,Seattle Seahawks SEA,33,DEF
10,Julio,Pittsburgh Steelers PIT,13,DEF
10,Monaf,New England Patriots NEP,4,DEF
10,Gaybo,Miami Dolphins MIA,15,DEF
10,Greg,Buffalo Bills BUF,6,DEF
10,ATL,Los Angeles Rams LAR,6,DEF
11,Gaybo,Kansas City Chiefs KCC,4,DEF
11,Larry,Cleveland Browns CLE,27,DEF
11,Greg,Arizona Cardinals ARI,-1,DEF
11,Julio,Pittsburgh Steelers PIT,30,DEF
11,Doy,Houston Texans HOU,9,DEF
11,ATL,Minnesota Vikings MIN,4,DEF
12,Monaf,San Francisco 49ers SFO,13,DEF
12,Doy,Baltimore Ravens BAL,15,DEF
12,Elaf,Detroit Lions DET,5,DEF
12,Gaybo,Kansas City Chiefs KCC,0,DEF
12,ATL,Los Angeles Rams LAR,31,DEF
12,Chuy,Green Bay Packers GBP,29,DEF
13,Elaf,Detroit Lions DET,0,DEF
13,Paco,Denver Broncos DEN,7,DEF
13,Julio,Jacksonville Jaguars JAC,20,DEF
13,ATL,Los Angeles Rams LAR,4,DEF
13,Larry,Cleveland Browns CLE,2,DEF
13,Gaybo,Kansas City Chiefs KCC,9,DEF
14,Larry,Cleveland Browns CLE,5,DEF
14,Elaf,Detroit Lions DET,19,DEF
14,Paco,Denver Broncos DEN,18,DEF
14,Julio,Pittsburgh Steelers PIT,7,DEF
14,ATL,Los Angeles Rams LAR,15,DEF
14,Doy,Houston Texans HOU,16,DEF
1,Paco,Chris Boswell PIT,16,K
1,Julio,Brandon Aubrey DAL,11,K
1,Kenny,Harrison Butker KCC,9,K
1,Doy,Jake Bates DET,5,K
1,Chuy,Evan McPherson CIN,5,K
1,Jay,Jake Elliott PHI,9,K
2,Kenny,Harrison Butker KCC,8,K
2,Monaf,Jason Myers SEA,10,K
2,Chuy,Tyler Loop BAL,11,K
2,Doy,Jake Bates DET,10,K
2,Jay,Jake Elliott PHI,14,K
2,Elaf,Matt Gay WAS,7,K
3,Elaf,Matt Gay WAS,14,K
3,Kenny,Harrison Butker KCC,11,K
3,ATL,Ka'imi Fairbairn HOU,2,K
3,Julio,Brandon Aubrey DAL,9,K
3,Larry,Will Reichard MIN,15,K
3,Doy,Jake Bates DET,8,K
4,Doy,Jake Bates DET,13,K
4,Larry,Will Reichard MIN,5,K
4,ATL,Ka'imi Fairbairn HOU,8,K
4,Monaf,Jason Myers SEA,20,K
4,Kenny,Harrison Butker KCC,11,K
4,Paco,Chris Boswell PIT,6,K
5,Paco,Cam Little JAC,10,K
5,Doy,Jake Bates DET,5,K
5,Kenny,Harrison Butker KCC,4,K
5,Gaybo,Cameron Dicker LAC,7,K
5,Monaf,Jason Myers SEA,5,K
5,Greg,Chase McLaughlin TBB,18,K
6,Kenny,Harrison Butker KCC,6,K
6,Paco,Cam Little JAC,0,K
6,Gaybo,Cameron Dicker LAC,15,K
6,Doy,Jake Bates DET,3,K
6,Greg,Chase McLaughlin TBB,6,K
6,Chuy,Tyler Loop BAL,3,K
7,Chuy,Wil Lutz DEN,11,K
7,Kenny,Harrison Butker KCC,7,K
7,Julio,Brandon Aubrey DAL,15,K
7,Gaybo,Cameron Dicker LAC,6,K
7,Elaf,Matt Gay WAS,2,K
7,Greg,Chase McLaughlin TBB,6,K
8,Elaf,Matt Gay WAS,0,K
8,Kenny,Harrison Butker KCC,4,K
8,Greg,Chase McLaughlin TBB,20,K
8,Larry,Will Reichard MIN,7,K
8,Gaybo,Cameron Dicker LAC,13,K
8,Julio,Brandon Aubrey DAL,4,K
9,Julio,Brandon Aubrey DAL,3,K
9,Gaybo,Cameron Dicker LAC,12,K
9,Larry,Will Reichard MIN,10,K
9,Chuy,Wil Lutz DEN,10,K
9,Doy,Jake Bates DET,6,K
9,Kenny,Harrison Butker KCC,5,K
10,Kenny,Harrison Butker KCC,0,K
10,Doy,Doy Dahmer NAPA,0,K
10,Elaf,Matt Gay WAS,4,K
10,Chuy,Wil Lutz DEN,0,K
10,Larry,Will Reichard MIN,7,K
10,Paco,Chris Boswell PIT,7,K
11,Elaf,Matt Gay WAS,5,K
11,Chuy,Evan McPherson CIN,6,K
11,Paco,Cam Little JAC,5,K
11,Kenny,Harrison Butker KCC,7,K
11,Monaf,Jason Myers SEA,15,K
11,Jay,Eddy Pineiro FA,9,K
12,Jay,Jake Elliott PHI,3,K
12,Larry,Will Reichard MIN,12,K
12,Paco,Chris Boswell PIT,4,K
12,Kenny,Harrison Butker KCC,7,K
12,Julio,Brandon Aubrey DAL,12,K
12,Greg,Chase McLaughlin TBB,1,K
13,Greg,Chase McLaughlin TBB,9,K
13,Doy,Jake Bates DET,6,K
13,Monaf,Jason Myers SEA,20,K
13,Chuy,Evan McPherson CIN,21,K
13,Kenny,Harrison Butker KCC,4,K
13,Jay,Jake Elliott PHI,3,K
14,Jay,Jake Elliott PHI,16,K
14,Chuy,Wil Lutz DEN,4,K
14,Kenny,Harrison Butker KCC,4,K
14,Gaybo,Cameron Dicker LAC,18,K
14,Monaf,Jason Myers SEA,14,K
14,Greg,Chase McLaughlin TBB,8,K
1,Elaf,Matt Gay WAS,3,K
1,ATL,Ka'imi Fairbairn HOU,15,K
1,Gaybo,Cameron Dicker LAC,9,K
1,Larry,Will Reichard MIN,10,K
1,Greg,Chase McLaughlin TBB,5,K
1,Monaf,Jason Myers SEA,7,K
2,Larry,Will Reichard MIN,9,K
2,Julio,Brandon Aubrey DAL,22,K
2,ATL,Ka'imi Fairbairn HOU,10,K
2,Paco,Chris Boswell PIT,10,K
2,Gaybo,Cameron Dicker LAC,6,K
2,Greg,Chase McLaughlin TBB,2,K
3,Chuy,Tyler Loop BAL,6,K
3,Paco,Chris Boswell PIT,3,K
3,Monaf,Jason Myers SEA,17,K
3,Gaybo,Cameron Dicker LAC,15,K
3,Jay,Jake Elliott PHI,3,K
3,Greg,Chase McLaughlin TBB,27,K
4,Chuy,Tyler Loop BAL,8,K
4,Julio,Brandon Aubrey DAL,6,K
4,Elaf,Matt Gay WAS,16,K
4,Gaybo,Cameron Dicker LAC,4,K
4,Greg,Chase McLaughlin TBB,17,K
4,Jay,Jake Elliott PHI,7,K
5,Julio,Brandon Aubrey DAL,7,K
5,Elaf,Matt Gay WAS,7,K
5,Chuy,Tyler Loop BAL,2,K
5,ATL,Ka'imi Fairbairn HOU,14,K
5,Larry,Will Reichard MIN,3,K
5,Jay,Jake Elliott PHI,5,K
6,Elaf,Matt Gay WAS,9,K
6,Monaf,Jason Myers SEA,9,K
6,Larry,Will Reichard MIN,0,K
6,ATL,Joshua Karty LAR,5,K
6,Julio,Brandon Aubrey DAL,5,K
6,Jay,Jake Elliott PHI,5,K
7,Paco,Chris Boswell PIT,7,K
7,Monaf,Jason Myers SEA,7,K
7,Jay,Jake Elliott PHI,4,K
7,Doy,Jake Bates DET,9,K
7,Larry,Will Reichard MIN,15,K
7,ATL,Ka'imi Fairbairn HOU,7,K
8,Jay,Eddy Pineiro FA,1,K
8,Doy,Jake Bates DET,0,K
8,Monaf,Wil Lutz DEN,8,K
8,ATL,Ka'imi Fairbairn HOU,11,K
8,Paco,Chris Boswell PIT,21,K
8,Chuy,Wil Lutz DEN,8,K
9,Elaf,Matt Gay WAS,2,K
9,Greg,Brandon McManus GBP,5,K
9,Paco,Chris Boswell PIT,7,K
9,Monaf,Jason Myers SEA,8,K
9,Jay,Eddy Pineiro FA,13,K
9,ATL,Ka'imi Fairbairn HOU,13,K
10,Jay,Eddy Pineiro FA,3,K
10,Julio,Tyler Loop BAL,9,K
10,Monaf,Jason Myers SEA,14,K
10,Gaybo,Cameron Dicker LAC,14,K
10,Greg,Chase McLaughlin TBB,5,K
10,ATL,Ka'imi Fairbairn HOU,0,K
11,Gaybo,Cameron Dicker LAC,6,K
11,Larry,Will Reichard MIN,5,K
11,Greg,Chase McLaughlin TBB,4,K
11,Julio,Brandon Aubrey DAL,10,K
11,Doy,Jake Bates DET,6,K
11,ATL,Joshua Karty LAR,0,K
12,Monaf,Jason Myers SEA,14,K
12,Doy,Jake Bates DET,13,K
12,Elaf,Matt Gay WAS,6,K
12,Gaybo,Daniel Carlson LVR,4,K
12,ATL,Ka'imi Fairbairn HOU,7,K
12,Chuy,Evan McPherson CIN,14,K
13,Elaf,Matt Gay WAS,6,K
13,Paco,Chris Boswell PIT,1,K
13,Julio,Brandon Aubrey DAL,9,K
13,ATL,Ka'imi Fairbairn HOU,6,K
13,Larry,Will Reichard MIN,0,K
13,Gaybo,Cameron Dicker LAC,10,K
14,Larry,Will Reichard MIN,7,K
14,Elaf,Matt Gay WAS,0,K
14,Paco,Cam Little JAC,10,K
14,Julio,Brandon Aubrey DAL,23,K
14,ATL,Ka'imi Fairbairn HOU,6,K
14,Doy,Younghoe Koo ATL,12,K
1,Paco,Trey McBride ARI,6,Flex
1,Julio,Travis Hunter JAC,3,Flex
1,Kenny,David Montgomery DET,3,Flex
1,Doy,Alvin Kamara NOS,12,Flex
1,Chuy,TreVeyon Henderson NEP,4,Flex
1,Jay,Tank Bigsby JAC,1,Flex
2,Kenny,Deebo Samuel Sr. WAS,11,Flex
2,Monaf,Travis Etienne Jr. JAC,15,Flex
2,Chuy,TreVeyon Henderson NEP,4,Flex
2,Doy,Jaylen Waddle MIA,13,Flex
2,Jay,Jordan Mason MIN,3,Flex
2,Elaf,Jaxon Smith-Njigba SEA,10,Flex
3,Elaf,Jaxon Smith-Njigba SEA,16,Flex
3,Kenny,Deebo Samuel Sr. WAS,2,Flex
3,ATL,Ricky Pearsall SFO,11,Flex
3,Julio,J.K. Dobbins DEN,15,Flex
3,Larry,Garrett Wilson NYJ,15,Flex
3,Doy,Alvin Kamara NOS,5,Flex
4,Doy,Alvin Kamara NOS,7,Flex
4,Larry,Trey Benson ARI,4,Flex
4,ATL,Keon Coleman BUF,4,Flex
4,Monaf,Travis Etienne Jr. JAC,22,Flex
4,Kenny,Chuba Hubbard CAR,6,Flex
4,Paco,Trey McBride ARI,5,Flex
5,Paco,Michael Pittman Jr. IND,9,Flex
5,Doy,Alvin Kamara NOS,4,Flex
5,Kenny,Travis Kelce KCC,12,Flex
5,Gaybo,DeVonta Smith PHI,11,Flex
5,Monaf,Travis Etienne Jr. JAC,4,Flex
5,Greg,George Pickens DAL,15,Flex
6,Kenny,Rashid Shaheed NOS,2,Flex
6,Paco,Michael Pittman Jr. IND,2,Flex
6,Gaybo,Tee Higgins CIN,6,Flex
6,Doy,Alvin Kamara NOS,7,Flex
6,Greg,Brashard Smith KCC,2,Flex
6,Chuy,D'Andre Swift CHI,27,Flex
7,Chuy,TreVeyon Henderson NEP,0,Flex
7,Kenny,Chuba Hubbard CAR,5,Flex
7,Julio,J.K. Dobbins DEN,8,Flex
7,Gaybo,DeVonta Smith PHI,31,Flex
7,Elaf,Jaxon Smith-Njigba SEA,19,Flex
7,Greg,George Pickens DAL,8,Flex
8,Elaf,Tetairoa McMillan CAR,9,Flex
8,Kenny,Rashid Shaheed NOS,7,Flex
8,Greg,George Pickens DAL,7,Flex
8,Larry,Rachaad White TBB,5,Flex
8,Gaybo,DeVonta Smith PHI,8,Flex
8,Julio,Jake Ferguson DAL,0,Flex
9,Julio,J.K. Dobbins DEN,6,Flex
9,Gaybo,Tee Higgins CIN,30,Flex
9,Larry,Jerry Jeudy CLE,0,Flex
9,Chuy,TreVeyon Henderson NEP,8,Flex
9,Doy,DJ Moore CHI,21,Flex
9,Kenny,Chuba Hubbard CAR,1,Flex
10,Kenny,Aaron Jones Sr. MIN,12,Flex
10,Doy,Doy Dahmer NAPA,0,Flex
10,Elaf,Stefon Diggs NEP,10,Flex
10,Chuy,D'Andre Swift CHI,9,Flex
10,Larry,Khalil Shakir BUF,5,Flex
10,Paco,Michael Pittman Jr. IND,1,Flex
11,Elaf,Ja'Marr Chase CIN,3,Flex
11,Chuy,D'Andre Swift CHI,9,Flex
11,Paco,Jauan Jennings SFO,5,Flex
11,Kenny,Aaron Jones Sr. MIN,8,Flex
11,Monaf,Tony Pollard TEN,2,Flex
11,Jay,Quentin Johnston LAC,0,Flex
12,Jay,Josh Downs IND,1,Flex
12,Larry,Khalil Shakir BUF,11,Flex
12,Paco,Trey McBride ARI,7,Flex
12,Kenny,Aaron Jones Sr. MIN,5,Flex
12,Julio,Kareem Hunt KCC,18,Flex
12,Greg,George Pickens DAL,20,Flex
13,Greg,George Pickens DAL,10,Flex
13,Doy,Cooper Kupp SEA,2,Flex
13,Monaf,Keenan Allen LAC,3,Flex
13,Chuy,James Cook BUF,17,Flex
13,Kenny,Aaron Jones Sr. MIN,2,Flex
13,Jay,Quentin Johnston LAC,9,Flex
14,Jay,Josh Downs IND,2,Flex
14,Chuy,D'Andre Swift CHI,7,Flex
14,Kenny,Deebo Samuel Sr. WAS,2,Flex
14,Gaybo,Zay Flowers BAL,12,Flex
14,Monaf,Keenan Allen LAC,2,Flex
14,Greg,George Pickens DAL,3,Flex
1,Elaf,Jaxon Smith-Njigba SEA,12,Flex
1,ATL,Ricky Pearsall SFO,10,Flex
1,Gaybo,Tee Higgins CIN,3,Flex
1,Larry,Garrett Wilson NYJ,18,Flex
1,Greg,George Pickens DAL,3,Flex
1,Monaf,Calvin Ridley TEN,2,Flex
2,Larry,Garrett Wilson NYJ,5,Flex
2,Julio,Keenan Allen LAC,13,Flex
2,ATL,Ricky Pearsall SFO,5,Flex
2,Paco,Trey McBride ARI,7,Flex
2,Gaybo,Tee Higgins CIN,15,Flex
2,Greg,George Pickens DAL,12,Flex
3,Chuy,D'Andre Swift CHI,7,Flex
3,Paco,Trey McBride ARI,10,Flex
3,Monaf,Travis Etienne Jr. JAC,12,Flex
3,Gaybo,Nick Chubb HOU,3,Flex
3,Jay,Brock Bowers LVR,5,Flex
3,Greg,George Pickens DAL,12,Flex
4,Chuy,D'Andre Swift CHI,11,Flex
4,Julio,J.K. Dobbins DEN,10,Flex
4,Elaf,Jaxon Smith-Njigba SEA,8,Flex
4,Gaybo,DeVonta Smith PHI,2,Flex
4,Greg,George Pickens DAL,28,Flex
4,Jay,Brock Bowers LVR,4,Flex
5,Julio,J.K. Dobbins DEN,13,Flex
5,Elaf,Jaxon Smith-Njigba SEA,19,Flex
5,Chuy,Wan'Dale Robinson NYG,3,Flex
5,ATL,Rhamondre Stevenson NEP,14,Flex
5,Larry,Jerry Jeudy CLE,1,Flex
5,Jay,RJ Harvey DEN,2,Flex
6,Elaf,Jaxon Smith-Njigba SEA,28,Flex
6,Monaf,Xavier Worthy KCC,8,Flex
6,Larry,Khalil Shakir BUF,3,Flex
6,ATL,Rhamondre Stevenson NEP,1,Flex
6,Julio,J.K. Dobbins DEN,4,Flex
6,Jay,Jaylen Wright MIA,0,Flex
7,Paco,Michael Pittman Jr. IND,13,Flex
7,Monaf,Michael Carter ARI,3,Flex
7,Jay,George Kittle SFO,0,Flex
7,Doy,Alvin Kamara NOS,2,Flex
7,Larry,Rachaad White TBB,3,Flex
7,ATL,Rashee Rice KCC,16,Flex
8,Jay,Chris Olave NOS,1,Flex
8,Doy,Jaylen Waddle MIA,19,Flex
8,Monaf,Emeka Egbuka TBB,3,Flex
8,ATL,Tez Johnson TBB,4,Flex
8,Paco,Marquise Brown KCC,0,Flex
8,Chuy,D'Andre Swift CHI,12,Flex
9,Elaf,Courtland Sutton DEN,12,Flex
9,Greg,George Pickens DAL,7,Flex
9,Paco,Michael Pittman Jr. IND,11,Flex
9,Monaf,Tony Pollard TEN,6,Flex
9,Jay,Chris Olave NOS,5,Flex
9,ATL,Troy Franklin DEN,4,Flex
10,Jay,Chris Olave NOS,22,Flex
10,Julio,J.K. Dobbins DEN,7,Flex
10,Monaf,Dylan Sampson CLE,0,Flex
10,Gaybo,Zay Flowers BAL,7,Flex
10,Greg,Darnell Mooney ATL,1,Flex
10,ATL,Tez Johnson TBB,18,Flex
11,Gaybo,Zay Flowers BAL,7,Flex
11,Larry,Rachaad White TBB,6,Flex
11,Greg,George Pickens DAL,23,Flex
11,Julio,Jake Ferguson DAL,7,Flex
11,Doy,DJ Moore CHI,1,Flex
11,ATL,Ricky Pearsall SFO,0,Flex
12,Monaf,Tony Pollard TEN,4,Flex
12,Doy,Alvin Kamara NOS,1,Flex
12,Elaf,Tetairoa McMillan CAR,11,Flex
12,Gaybo,Tee Higgins CIN,3,Flex
12,ATL,Brock Bowers LVR,5,Flex
12,Chuy,D'Andre Swift CHI,2,Flex
13,Elaf,Courtland Sutton DEN,13,Flex
13,Paco,Trey McBride ARI,15,Flex
13,Julio,Jake Ferguson DAL,5,Flex
13,ATL,Troy Franklin DEN,2,Flex
13,Larry,David Montgomery DET,10,Flex
13,Gaybo,DeVonta Smith PHI,4,Flex
14,Larry,Kyle Monangai CHI,5,Flex
14,Elaf,Courtland Sutton DEN,6,Flex
14,Paco,Trey McBride ARI,5,Flex
14,Julio,Kareem Hunt KCC,9,Flex
14,ATL,Troy Franklin DEN,2,Flex
14,Doy,DJ Moore CHI,0,Flex
1,Paco,Jauan Jennings SFO,1,Flex2
1,Julio,J.K. Dobbins DEN,13,Flex2
1,Kenny,Aaron Jones Sr. MIN,14,Flex2
1,Doy,Jaylen Waddle MIA,3,Flex2
1,Chuy,D'Andre Swift CHI,6,Flex2
1,Jay,George Kittle SFO,8,Flex2
2,Kenny,David Montgomery DET,11,Flex2
2,Monaf,Tony Pollard TEN,9,Flex2
2,Chuy,D'Andre Swift CHI,12,Flex2
2,Doy,Alvin Kamara NOS,11,Flex2
2,Jay,Rome Odunze CHI,26,Flex2
2,Elaf,Tetairoa McMillan CAR,10,Flex2
3,Elaf,Tetairoa McMillan CAR,4,Flex2
3,Kenny,David Montgomery DET,31,Flex2
3,ATL,Keon Coleman BUF,2,Flex2
3,Julio,Keenan Allen LAC,14,Flex2
3,Larry,Javonte Williams DAL,8,Flex2
3,Doy,Cooper Kupp SEA,3,Flex2
4,Doy,Jaylen Waddle MIA,4,Flex2
4,Larry,Javonte Williams DAL,15,Flex2
4,ATL,Troy Franklin DEN,5,Flex2
4,Monaf,Tony Pollard TEN,7,Flex2
4,Kenny,Travis Kelce KCC,4,Flex2
4,Paco,Michael Pittman Jr. IND,10,Flex2
5,Paco,Marquise Brown KCC,4,Flex2
5,Doy,Cooper Kupp SEA,5,Flex2
5,Kenny,Mark Andrews BAL,2,Flex2
5,Gaybo,Zay Flowers BAL,7,Flex2
5,Monaf,Xavier Worthy KCC,4,Flex2
5,Greg,Jakobi Meyers LVR,3,Flex2
6,Kenny,Matthew Golden GBP,9,Flex2
6,Paco,Trey McBride ARI,13,Flex2
6,Gaybo,Zay Flowers BAL,4,Flex2
6,Doy,Romeo Doubs GBP,5,Flex2
6,Greg,Hassan Haskins LAC,3,Flex2
6,Chuy,TreVeyon Henderson NEP,2,Flex2
7,Chuy,Kayshon Boutte NEP,14,Flex2
7,Kenny,Matthew Golden GBP,3,Flex2
7,Julio,Tyler Warren IND,12,Flex2
7,Gaybo,Jordan Addison MIN,12,Flex2
7,Elaf,Stefon Diggs NEP,6,Flex2
7,Greg,Hassan Haskins LAC,0,Flex2
8,Elaf,Stefon Diggs NEP,7,Flex2
8,Kenny,Mark Andrews BAL,3,Flex2
8,Greg,Brashard Smith KCC,0,Flex2
8,Larry,Kyle Monangai CHI,2,Flex2
8,Gaybo,Zay Flowers BAL,6,Flex2
8,Julio,Dalton Kincaid BUF,2,Flex2
9,Julio,Tyler Warren IND,2,Flex2
9,Gaybo,Jordan Addison MIN,4,Flex2
9,Larry,Rashod Bateman BAL,7,Flex2
9,Chuy,Oronde Gadsden II LAC,6,Flex2
9,Doy,Romeo Doubs GBP,9,Flex2
9,Kenny,Aaron Jones Sr. MIN,9,Flex2
10,Kenny,Rashid Shaheed NOS,2,Flex2
10,Doy,Doy Dahmer NAPA,0,Flex2
10,Elaf,Tetairoa McMillan CAR,6,Flex2
10,Chuy,TreVeyon Henderson NEP,37,Flex2
10,Larry,Kyle Monangai CHI,8,Flex2
10,Paco,Trey McBride ARI,19,Flex2
11,Elaf,Woody Marks HOU,4,Flex2
11,Chuy,TreVeyon Henderson NEP,27,Flex2
11,Paco,Trey McBride ARI,18,Flex2
11,Kenny,Deebo Samuel Sr. WAS,15,Flex2
11,Monaf,Calvin Ridley TEN,1,Flex2
11,Jay,George Kittle SFO,21,Flex2
12,Jay,George Kittle SFO,7,Flex2
12,Larry,Kyle Monangai CHI,10,Flex2
12,Paco,Michael Pittman Jr. IND,8,Flex2
12,Kenny,Mark Andrews BAL,0,Flex2
12,Julio,Jalen Coker CAR,3,Flex2
12,Greg,Jakobi Meyers LVR,12,Flex2
13,Greg,Jakobi Meyers LVR,15,Flex2
13,Doy,Romeo Doubs GBP,8,Flex2
13,Monaf,Tyler Warren IND,9,Flex2
13,Chuy,Wan'Dale Robinson NYG,3,Flex2
13,Kenny,Chris Godwin TBB,7,Flex2
13,Jay,George Kittle SFO,6,Flex2
14,Jay,Jordan Mason MIN,11,Flex2
14,Chuy,Jayden Reed GBP,5,Flex2
14,Kenny,Chris Godwin TBB,5,Flex2
14,Gaybo,Tee Higgins CIN,25,Flex2
14,Monaf,Tyler Warren IND,1,Flex2
14,Greg,Jakobi Meyers LVR,10,Flex2
1,Elaf,Tetairoa McMillan CAR,6,Flex2
1,ATL,Keon Coleman BUF,18,Flex2
1,Gaybo,Zay Flowers BAL,22,Flex2
1,Larry,Javonte Williams DAL,18,Flex2
1,Greg,Jerome Ford CLE,0,Flex2
1,Monaf,Emeka Egbuka TBB,23,Flex2
2,Larry,Javonte Williams DAL,21,Flex2
2,Julio,J.K. Dobbins DEN,13,Flex2
2,ATL,Keon Coleman BUF,2,Flex2
2,Paco,Marquise Brown KCC,3,Flex2
2,Gaybo,Zay Flowers BAL,7,Flex2
2,Greg,Jakobi Meyers LVR,6,Flex2
3,Chuy,TreVeyon Henderson NEP,3,Flex2
3,Paco,Michael Pittman Jr. IND,15,Flex2
3,Monaf,Omarion Hampton LAC,18,Flex2
3,Gaybo,Zay Flowers BAL,1,Flex2
3,Jay,Chris Olave NOS,5,Flex2
3,Greg,Jakobi Meyers LVR,6,Flex2
4,Chuy,TreVeyon Henderson NEP,10,Flex2
4,Julio,Keenan Allen LAC,3,Flex2
4,Elaf,Tetairoa McMillan CAR,6,Flex2
4,Gaybo,Tee Higgins CIN,3,Flex2
4,Greg,Jakobi Meyers LVR,3,Flex2
4,Jay,Chris Olave NOS,8,Flex2
5,Julio,Tyler Warren IND,11,Flex2
5,Elaf,Tetairoa McMillan CAR,7,Flex2
5,Chuy,Isaiah Bond CLE,2,Flex2
5,ATL,Kendre Miller NOS,4,Flex2
5,Larry,Rachaad White TBB,19,Flex2
5,Jay,Chris Olave NOS,5,Flex2
6,Elaf,Stefon Diggs NEP,2,Flex2
6,Monaf,Tony Pollard TEN,4,Flex2
6,Larry,Rachaad White TBB,14,Flex2
6,ATL,Troy Franklin DEN,1,Flex2
6,Julio,Tyler Warren IND,12,Flex2
6,Jay,Chris Olave NOS,9,Flex2
7,Paco,Jauan Jennings SFO,3,Flex2
7,Monaf,Tony Pollard TEN,5,Flex2
7,Jay,Quentin Johnston LAC,9,Flex2
7,Doy,Romeo Doubs GBP,7,Flex2
7,Larry,Kyle Monangai CHI,15,Flex2
7,ATL,Rhamondre Stevenson NEP,14,Flex2
8,Jay,Quentin Johnston LAC,0,Flex2
8,Doy,Isaac TeSlaa DET,0,Flex2
8,Monaf,Jayden Higgins HOU,11,Flex2
8,ATL,Troy Franklin DEN,22,Flex2
8,Paco,Jauan Jennings SFO,4,Flex2
8,Chuy,Jayden Higgins HOU,10,Flex2
9,Elaf,Stefon Diggs NEP,10,Flex2
9,Greg,Darnell Mooney ATL,1,Flex2
9,Paco,Trey McBride ARI,12,Flex2
9,Monaf,Xavier Worthy KCC,2,Flex2
9,Jay,George Kittle SFO,4,Flex2
9,ATL,Keon Coleman BUF,1,Flex2
10,Jay,Brock Bowers LVR,3,Flex2
10,Julio,Dalton Kincaid BUF,2,Flex2
10,Monaf,Christian Kirk HOU,0,Flex2
10,Gaybo,Jordan Addison MIN,3,Flex2
10,Greg,Jakobi Meyers LVR,4,Flex2
10,ATL,Keon Coleman BUF,13,Flex2
11,Gaybo,Tee Higgins CIN,14,Flex2
11,Larry,Kyle Monangai CHI,9,Flex2
11,Greg,Jakobi Meyers LVR,6,Flex2
11,Julio,Jalen Coker CAR,5,Flex2
11,Doy,Cooper Kupp SEA,2,Flex2
11,ATL,Brock Bowers LVR,7,Flex2
12,Monaf,Christian Kirk HOU,11,Flex2
12,Doy,Cooper Kupp SEA,2,Flex2
12,Elaf,Christian Watson GBP,4,Flex2
12,Gaybo,Zay Flowers BAL,6,Flex2
12,ATL,Ricky Pearsall SFO,0,Flex2
12,Chuy,Wan'Dale Robinson NYG,24,Flex2
13,Elaf,Stefon Diggs NEP,2,Flex2
13,Paco,Michael Pittman Jr. IND,1,Flex2
13,Julio,Kareem Hunt KCC,9,Flex2
13,ATL,Tez Johnson TBB,0,Flex2
13,Larry,Kyle Monangai CHI,19,Flex2
13,Gaybo,Jordan Addison MIN,3,Flex2
14,Larry,Breece Hall NYJ,4,Flex2
14,Elaf,Christian Watson GBP,26,Flex2
14,Paco,Michael Pittman Jr. IND,7,Flex2
14,Julio,Jake Ferguson DAL,7,Flex2
14,ATL,Adonai Mitchell IND,2,Flex2
14,Doy,Blake Corum LAR,28,Flex2
